aa_seq,Species,Is_Human_Pathogen,Actual_Resistance,Misclassified
AICSDLRED,Chlamydomonas reinhardtii,False,resistant,False
LQVKPMIKP,Arabidopsis thaliana,False,resistant,False
LQIRPLIAP,Arabidopsis thaliana,False,resistant,False
FLALSFRDA,Phycomyces blakesleeanus,False,resistant,False
FLALSFRDA,Rhizopus oryzae,False,resistant,False
FLTLNLSDS,Schizosaccharomyces japonicus,False,resistant,False
FLALNLSDS,Schizosaccharomyces octosporus,False,resistant,False
FLTLNLADS,Schizosaccharomyces pombe,False,resistant,False
YLTLSFSDP,Laccaria bicolor,False,resistant,False
FLTSSFSSP,Phanerochaete chrysosporium,False,resistant,True
FLTSSFSSP,Laccaria bicolor,False,resistant,True
FLTSSFSSP,Coprinopsis cinerea,False,resistant,True
FLSLSFRDP,Schizosaccharomyces japonicus,False,resistant,True
FLSLSFRDP,Schizosaccharomyces pombe,False,resistant,True
FLSLSFRDP,Emmonsia crescens,False,resistant,True
VLTLLVTQH,Eremothecium gossypii,False,resistant,False
FLTLSLRDA,Candida parapsilosis,True,resistant,False
SLTLSFRDV,Purpureocillium lilacinum,False,resistant,False
ALALNIKDP,Dactylellina haptotyla,False,resistant,False
YLTLSFRDP,Ceratocystis platani,False,resistant,False
YLTLSFRDP,Thielaviopsis punctulata,False,resistant,False
YLTLSFRDP,Microdochium bolleyi,False,resistant,False
YLTLSFRDP,Colletotrichum fructicola,False,resistant,False
YLTLSFRDP,Colletotrichum graminicola,False,resistant,False
YLTLSFRDP,Zymoseptoria tritici,False,resistant,False
YLTLSFRDP,Colletotrichum higginsianum,False,resistant,False
ALTLSFRDP,Oidiodendron maius,False,resistant,False
ALTLSFRDP,Glarea lozoyensis,False,resistant,False
FLTHSFRDP,Polytolypa hystricis,False,resistant,False
YLTLSLRDP,Aureobasidium subglaciale,False,resistant,False
YLTLSLRDP,Aureobasidium pullulans,False,resistant,False
YLTLSLRDP,Pestalotiopsis fici,False,resistant,False
YLTLSLRDP,Thermothielavioides terrestris,False,resistant,False
YLILSIRDP,Elsinoe australis,False,resistant,False
YLTLSFRDA,Rosellinia necatrix,False,resistant,False
YLTLSFKDP,Torrubiella hemipterigena,False,resistant,True
YLALSFKDP,Pyricularia grisea,False,resistant,False
YLALSFKDP,Pyricularia oryzae,False,resistant,False
YLALSFRDP,Gaeumannomyces tritici,False,resistant,False
YLTLSIRDP,Sordaria macrospora,False,resistant,False
YLTLSIRDP,Neurospora discreta,False,resistant,False
YLTLSIRDP,Neurospora tetrasperma,False,resistant,False
YLTLSIRDP,Neurospora crassa,False,resistant,False
YLTLSIRDP,Chaetomium thermophilum,False,resistant,False
YLTLSIRDP,Madurella mycetomatis,False,resistant,False
YLTRSFRDP,Stachybotrys chartarum,False,resistant,False
YLTRSFRDP,Eutypa lata,False,resistant,False
YLILSFRDP,Fusarium graminearum,False,resistant,False
YLILSFRDP,Fusarium pseudograminearum,False,resistant,False
YLILSFRDP,Fusarium oxysporum,False,resistant,False
YLILSFRDP,Fusarium fujikuroi,False,resistant,False
YLILSFRDP,Fusarium verticillioides,False,resistant,False
YLTLAFRDS,Acremonium chrysogenum,False,resistant,False
YLTLSFRDV,Purpureocillium lilacinum,False,resistant,False
YLTLSFRDV,Moelleriella libera,False,resistant,False
YLTLSFRDV,Metarhizium acridum,False,resistant,False
YLTLSFRDV,Metarhizium majus,False,resistant,False
YLTLSFRDV,Metarhizium robertsii,False,resistant,False
YLTLSFRDV,Claviceps paspali,False,resistant,False
YLTLSFRDV,Atkinsonella hypoxylon,False,resistant,False
YLTLSFRDV,Balansia obtecta,False,resistant,False
YLTLSFRDV,Aciculosporium take,False,resistant,False
YLTLSFRDV,Epichloe gansuensis,False,resistant,False
YLTLSFRDV,Epichloe typhina,False,resistant,False
YLTLSFRDV,Epichloe elymi,False,resistant,False
YLTLSFRDV,Epichloe baconii,False,resistant,False
YLTLSFRDV,Epichloe mollis,False,resistant,False
YLTLSFRDV,Epichloe amarillans,False,resistant,False
YLTLSFRDV,Epichloe brachyelytri,False,resistant,False
YLTLSFRDV,Epichloe aotearoae,False,resistant,False
YLTLSFRDV,Claviceps fusiformis,False,resistant,False
YLTLSFRDV,Claviceps purpurea,False,resistant,False
YLTLSIKDP,Podospora anserina,False,resistant,False
YLILSLRDP,Phaeoacremonium minimum,False,resistant,False
YLTRAFRDS,Ophiostoma piceae,False,resistant,False
YLTRAFRDS,Sporothrix schenckii,False,resistant,False
YLTRAFRDS,Sporothrix brasiliensis,False,resistant,False
